{"cameraMode":{"drawMode":0,"name":"Shaded","section":"Shading Mode"},"sceneLighting":true,"audioPlay":false,"sceneViewState":{"showFog":true,"showMaterialUpdate":false,"showSkybox":true,"showFlares":true,"showImageEffects":true,"showParticleSystems":true},"in2DMode":false,"pivot":{"x":-3.7645578384399416,"y":-0.1858115941286087,"z":-0.5597541332244873},"rotation":{"x":0.09663927555084229,"y":0.046761952340602878,"z":-0.004546076525002718,"w":0.9942100048065186},"size":15.878170013427735,"orthographic":true}