{"cameraMode":{"drawMode":0,"name":"Shaded","section":"Shading Mode"},"sceneLighting":false,"audioPlay":false,"sceneViewState":{"showFog":true,"showMaterialUpdate":false,"showSkybox":true,"showFlares":true,"showImageEffects":true,"showParticleSystems":true},"in2DMode":false,"pivot":{"x":66.07063293457031,"y":3.7552082538604738,"z":14.726858139038086},"rotation":{"x":0.23827365040779115,"y":0.37791815400123598,"z":-0.10130186378955841,"w":0.8888990879058838},"size":4.950247764587402,"orthographic":true}