{"cameraMode":{"drawMode":0,"name":"Shaded","section":"Shading Mode"},"sceneLighting":false,"audioPlay":false,"sceneViewState":{"showFog":true,"showMaterialUpdate":false,"showSkybox":true,"showFlares":true,"showImageEffects":true,"showParticleSystems":true},"in2DMode":false,"pivot":{"x":13.866999626159668,"y":5.230679035186768,"z":16.31999969482422},"rotation":{"x":0.10199668258428574,"y":0.2609223425388336,"z":-0.02773357555270195,"w":0.9595556855201721},"size":11.35065746307373,"orthographic":true}